{
  "regional_score_arms": {
    "mean": 66.64,
    "std": 1.7118411141224545,
    "min": 64.14,
    "max": 68.0,
    "median": 67.9
  },
  "regional_score_legs": {
    "mean": 100.0,
    "std": 0.0,
    "min": 100.0,
    "max": 100.0,
    "median": 100.0
  },
  "regional_score_core": {
    "mean": 67.61999999999999,
    "std": 0.7194442299441957,
    "min": 66.78,
    "max": 68.53999999999999,
    "median": 67.4
  },
  "regional_score_head": {
    "mean": 70.0,
    "std": 0.0,
    "min": 70.0,
    "max": 70.0,
    "median": 70.0
  },
  "min_angle": {
    "mean": 3.3600000000000003,
    "std": 1.23547561691844,
    "min": 1.78,
    "max": 4.66
  },
  "max_angle": {
    "mean": 179.1,
    "std": 1.1696153213770728,
    "min": 177.32000000000002,
    "max": 179.96
  },
  "range_of_motion": {
    "mean": 175.74,
    "std": 1.8293168123646657,
    "min": 173.38,
    "max": 177.96
  }
}