{
  "min_angle": {
    "mean": 0.13333333333333333,
    "std": 0.047140452079103175,
    "min": 0.1,
    "max": 0.19
  },
  "max_angle": {
    "mean": 180.0,
    "std": 0.0,
    "min": 180.0,
    "max": 180.0
  },
  "range_of_motion": {
    "mean": 179.86666666666667,
    "std": 0.04714045207910049,
    "min": 179.81,
    "max": 179.9
  }
}