{
  "regional_score_arms": {
    "mean": 50.0,
    "std": 0.0,
    "min": 50.0,
    "max": 50.0,
    "median": 50.0
  },
  "regional_score_legs": {
    "mean": 100.0,
    "std": 0.0,
    "min": 100.0,
    "max": 100.0,
    "median": 100.0
  },
  "regional_score_core": {
    "mean": 74.08999999999999,
    "std": 0.2586503431275532,
    "min": 73.69,
    "max": 74.455,
    "median": 74.05
  },
  "regional_score_head": {
    "mean": 100.0,
    "std": 0.0,
    "min": 100.0,
    "max": 100.0,
    "median": 100.0
  },
  "min_angle": {
    "mean": 13.809999999999999,
    "std": 3.388937886713181,
    "min": 8.465,
    "max": 18.174999999999994
  },
  "max_angle": {
    "mean": 179.98,
    "std": 0.039999999999997725,
    "min": 179.9,
    "max": 180.0
  },
  "range_of_motion": {
    "mean": 166.17,
    "std": 3.358586011999688,
    "min": 161.82500000000002,
    "max": 171.435
  }
}